[
  {
    "id": 1,
    "name": "Phone One",
    "slug": "phone-one",
    "description": "Lorem ipsum dolor sit amet, consectetur adipiscing elit, sed do eiusmod tempor incididunt",
    "price": 150,
    "image": "1.png"
  },
  {
    "id": 2,
    "name": "Phone Two",
    "slug": "phone-two",
    "description": "Lorem ipsum labore et dolore magna aliqua, ut enim ad minim veniam, quis nostrud exercitation",
    "price": 140.00,
    "image": "2.png"
  },
  {
    "id": 3,
    "name": "Phone Three",
    "slug": "phone-three",
    "description": "Lorem ipsum dolor sit amet, consectetur adipiscing elit, sed do eiusmod tempor incididunt",
    "price": 200,
    "image": "3.png"
  },
  {
    "id": 4,
    "name": "Phone Four",
    "slug": "phone-four",
    "description": "Lorem ipsum dolor sit amet, consectetur adipiscing elit, sed do eiusmod tempor incididunt",
    "price": 150,
    "image": "4.png"
  },
  {
    "id": 5,
    "name": "Phone Five",
    "slug": "phone-five",
    "description": "Lorem ipsum dolor sit amet, consectetur adipiscing elit, sed do eiusmod tempor incididunt",
    "price": 180,
    "image": "5.png"
  },
  {
    "id": 6,
    "name": "Phone Six",
    "slug": "phone-six",
    "description": "Lorem ipsum labore et dolore magna aliqua, ut enim ad minim veniam, quis nostrud exercitation",
    "price": 130,
    "image": "6.png"
  },
  {
    "id": 7,
    "name": "Phone Seven",
    "slug": "phone-seven",
    "description": "Lorem ipsum dolor sit amet, consectetur adipiscing elit, sed do eiusmod tempor incididunt",
    "price": 150,
    "image": "7.png"
  },
  {
    "id": 8,
    "name": "Phone Eight",
    "slug": "phone-eight",
    "description": "Lorem ipsum dolor sit amet, consectetur adipiscing elit, sed do eiusmod tempor incididunt",
    "price": 160,
    "image": "8.png"
  },
  {
    "id": 9,
    "name": "Phone Nine",
    "slug": "phone-nine",
    "description": "Lorem ipsum labore et dolore magna aliqua, ut enim ad minim veniam, quis nostrud exercitation",
    "price": 100,
    "image": "9.png"
  },
  {
    "id": 10,
    "name": "Phone Ten",
    "slug": "phone-ten",
    "description": "Lorem ipsum dolor sit amet, consectetur adipiscing elit, sed do eiusmod tempor incididunt",
    "price": 180,
    "image": "10.png"
  },
  {
    "id": 11,
    "name": "Phone Eleven",
    "slug": "phone-eleven",
    "description": "Lorem ipsum dolor sit amet, consectetur adipiscing elit, sed do eiusmod tempor incididunt",
    "price": 160,
    "image": ""
  },
  {
    "id": 12,
    "name": "Phone Twelve",
    "slug": "phone-twelve",
    "description": "Lorem ipsum dolor sit amet, consectetur adipiscing elit, sed do eiusmod tempor incididunt",
    "price": 150,
    "image": ""
  }
]
